Date,Day,Cured,Deaths,Confirmed,New_Cured,New_Deaths,New_Confirmed
2020-01-30,0,0,0,1,0.0,0.0,0.0
2020-01-31,1,0,0,1,0.0,0.0,0.0
2020-02-01,2,0,0,2,0.0,0.0,1.0
2020-02-02,3,0,0,3,0.0,0.0,1.0
2020-02-03,4,0,0,3,0.0,0.0,0.0
2020-02-04,5,0,0,3,0.0,0.0,0.0
2020-02-05,6,0,0,3,0.0,0.0,0.0
2020-02-06,7,0,0,3,0.0,0.0,0.0
2020-02-07,8,0,0,3,0.0,0.0,0.0
2020-02-08,9,0,0,3,0.0,0.0,0.0
2020-02-09,10,0,0,3,0.0,0.0,0.0
2020-02-10,11,0,0,3,0.0,0.0,0.0
2020-02-11,12,0,0,3,0.0,0.0,0.0
2020-02-12,13,0,0,3,0.0,0.0,0.0
2020-02-13,14,0,0,3,0.0,0.0,0.0
2020-02-14,15,0,0,3,0.0,0.0,0.0
2020-02-15,16,0,0,3,0.0,0.0,0.0
2020-02-16,17,0,0,3,0.0,0.0,0.0
2020-02-17,18,0,0,3,0.0,0.0,0.0
2020-02-18,19,0,0,3,0.0,0.0,0.0
2020-02-19,20,0,0,3,0.0,0.0,0.0
2020-02-20,21,0,0,3,0.0,0.0,0.0
2020-02-21,22,0,0,3,0.0,0.0,0.0
2020-02-22,23,0,0,3,0.0,0.0,0.0
2020-02-23,24,0,0,3,0.0,0.0,0.0
2020-02-24,25,0,0,3,0.0,0.0,0.0
2020-02-25,26,0,0,3,0.0,0.0,0.0
2020-02-26,27,0,0,3,0.0,0.0,0.0
2020-02-27,28,0,0,3,0.0,0.0,0.0
2020-02-28,29,0,0,3,0.0,0.0,0.0
2020-02-29,30,0,0,3,0.0,0.0,0.0
2020-03-01,31,0,0,3,0.0,0.0,0.0
2020-03-02,32,0,0,5,0.0,0.0,2.0
2020-03-03,33,3,0,6,3.0,0.0,1.0
2020-03-04,34,3,0,28,0.0,0.0,22.0
2020-03-05,35,3,0,30,0.0,0.0,2.0
2020-03-06,36,3,0,31,0.0,0.0,1.0
2020-03-07,37,3,0,34,0.0,0.0,3.0
2020-03-08,38,3,0,39,0.0,0.0,5.0
2020-03-09,39,3,0,46,0.0,0.0,7.0
2020-03-10,40,3,0,58,0.0,0.0,12.0
2020-03-11,41,3,0,60,0.0,0.0,2.0
2020-03-12,42,3,0,74,0.0,0.0,14.0
2020-03-13,43,3,1,81,0.0,1.0,7.0
2020-03-14,44,10,2,84,7.0,1.0,3.0
2020-03-15,45,13,2,110,3.0,0.0,26.0
2020-03-16,46,13,2,114,0.0,0.0,4.0
2020-03-17,47,14,3,137,1.0,1.0,23.0
2020-03-18,48,14,3,151,0.0,0.0,14.0
2020-03-19,49,20,4,173,6.0,1.0,22.0
2020-03-20,50,23,4,223,3.0,0.0,50.0
2020-03-21,51,23,4,283,0.0,0.0,60.0
2020-03-22,52,24,7,360,1.0,3.0,77.0
2020-03-23,53,24,7,433,0.0,0.0,73.0
2020-03-24,54,40,9,519,16.0,2.0,86.0
2020-03-25,55,43,10,606,3.0,1.0,87.0
2020-03-26,56,45,15,694,2.0,5.0,88.0
2020-03-27,57,67,17,724,22.0,2.0,30.0
2020-03-28,58,80,19,909,13.0,2.0,185.0
2020-03-29,59,96,27,1024,16.0,8.0,115.0
2020-03-30,60,102,31,1251,6.0,4.0,227.0
2020-03-31,61,124,35,1397,22.0,4.0,146.0
2020-04-01,62,144,41,1834,20.0,6.0,437.0
2020-04-02,63,156,53,2069,12.0,12.0,235.0
2020-04-03,64,163,62,2547,7.0,9.0,478.0
2020-04-04,65,213,75,3072,50.0,13.0,525.0
2020-04-05,66,275,83,3577,62.0,8.0,505.0
2020-04-06,67,319,111,4281,44.0,28.0,704.0
2020-04-07,68,353,124,4789,34.0,13.0,508.0
2020-04-08,69,411,149,5274,58.0,25.0,485.0
2020-04-09,70,478,169,5865,67.0,20.0,591.0
2020-04-10,71,516,206,6761,38.0,37.0,896.0
2020-04-11,72,653,242,7529,137.0,36.0,768.0
2020-04-12,73,765,273,8447,112.0,31.0,918.0
2020-04-13,74,980,324,9352,215.0,51.0,905.0
2020-04-14,75,1190,353,10815,210.0,29.0,1463.0
2020-04-15,76,1344,392,11933,154.0,39.0,1118.0
2020-04-16,77,1515,420,12759,171.0,28.0,826.0
2020-04-17,78,1767,452,13835,252.0,32.0,1076.0
2020-04-18,79,2015,488,14792,248.0,36.0,957.0
2020-04-19,80,2302,519,16116,287.0,31.0,1324.0
2020-04-20,81,2842,559,17656,540.0,40.0,1540.0
2020-04-21,82,3260,603,18985,418.0,44.0,1329.0
2020-04-22,83,3960,652,20471,700.0,49.0,1486.0
2020-04-23,84,4325,686,21700,365.0,34.0,1229.0
2020-04-24,85,4814,723,23452,489.0,37.0,1752.0
2020-04-25,86,5210,779,24893,396.0,56.0,1441.0
2020-04-26,87,5914,826,26605,704.0,47.0,1712.0
2020-04-27,88,6362,886,28160,448.0,60.0,1555.0
2020-04-28,89,7027,937,29834,665.0,51.0,1674.0
2020-04-29,90,7797,1008,31709,770.0,71.0,1875.0
2020-04-30,91,8373,1075,33330,576.0,67.0,1621.0
2020-05-01,92,9065,1152,34972,692.0,77.0,1642.0
2020-05-02,93,9951,1218,37157,886.0,66.0,2185.0
2020-05-03,94,10887,1306,40124,936.0,88.0,2967.0
2020-05-04,95,11762,1389,42836,875.0,83.0,2712.0
2020-05-05,96,13161,1583,46711,1399.0,194.0,3875.0
2020-05-06,97,14183,1694,49391,1022.0,111.0,2680.0
2020-05-07,98,15267,1783,52952,1084.0,89.0,3561.0
2020-05-08,99,16540,1886,56342,1273.0,103.0,3390.0
2020-05-09,100,17847,1981,59662,1307.0,95.0,3320.0
2020-05-10,101,19358,2109,62939,1511.0,128.0,3277.0
2020-05-11,102,20917,2206,67152,1559.0,97.0,4213.0
2020-05-12,103,22455,2293,70756,1538.0,87.0,3604.0
2020-05-13,104,24386,2415,74281,1931.0,122.0,3525.0
2020-05-14,105,26235,2549,78003,1849.0,134.0,3722.0
2020-05-15,106,27920,2649,81970,1685.0,100.0,3967.0
2020-05-16,107,30153,2752,85710,2233.0,103.0,3740.0
2020-05-17,108,34109,2872,90637,3956.0,120.0,4927.0
2020-05-18,109,36824,3029,95759,2715.0,157.0,5122.0
2020-05-19,110,39174,3163,100325,2350.0,134.0,4566.0
2020-05-20,111,42298,3303,106750,3124.0,140.0,6425.0
2020-05-21,112,45300,3435,112359,3002.0,132.0,5609.0
2020-05-22,113,48534,3583,118447,3234.0,148.0,6088.0
2020-05-23,114,51784,3720,125101,3250.0,137.0,6654.0
2020-05-24,115,54441,3867,131868,2657.0,147.0,6767.0
2020-05-25,116,57721,4021,138845,3280.0,154.0,6977.0
2020-05-26,117,60491,4167,145380,2770.0,146.0,6535.0
2020-05-27,118,64426,4337,151767,3935.0,170.0,6387.0
2020-05-28,119,67692,4531,158333,3266.0,194.0,6566.0
2020-05-29,120,71106,4706,165799,3414.0,175.0,7466.0
2020-05-30,121,82370,4971,173763,11264.0,265.0,7964.0
2020-05-31,122,86984,5164,182143,4614.0,193.0,8380.0
2020-06-01,123,91819,5394,190535,4835.0,230.0,8392.0
2020-06-02,124,95527,5598,198706,3708.0,204.0,8171.0
2020-06-03,125,100303,5815,207615,4776.0,217.0,8909.0
2020-06-04,126,104107,6075,216919,3804.0,260.0,9304.0
2020-06-05,127,109462,6348,226770,5355.0,273.0,9851.0
2020-06-06,128,114073,6642,236657,4611.0,294.0,9887.0
2020-06-07,129,119293,6929,246628,5220.0,287.0,9971.0
2020-06-08,130,124095,7135,256611,4802.0,206.0,9983.0
2020-06-09,131,129215,7466,266598,5120.0,331.0,9987.0
2020-06-10,132,135206,7745,276583,5991.0,279.0,9985.0
2020-06-11,133,141029,8102,286579,5823.0,357.0,9996.0
2020-06-12,134,147195,8498,297535,6166.0,396.0,10956.0
2020-06-13,135,154330,8884,308993,7135.0,386.0,11458.0
2020-06-14,136,162379,9195,320922,8049.0,311.0,11929.0
2020-06-15,137,169798,9520,332424,7419.0,325.0,11502.0
2020-06-16,138,180013,9900,343091,10215.0,380.0,10667.0
2020-06-17,139,186935,11903,354065,6922.0,2003.0,10974.0
2020-06-18,140,194325,12237,366946,7390.0,334.0,12881.0
2020-06-19,141,204711,12573,380532,10386.0,336.0,13586.0
2020-06-20,142,213831,12948,395048,9120.0,375.0,14516.0
2020-06-21,143,227756,13254,410461,13925.0,306.0,15413.0
2020-06-22,144,237196,13699,425282,9440.0,445.0,14821.0
2020-06-23,145,248190,14011,440215,10994.0,312.0,14933.0
2020-06-24,146,258685,14476,456183,10495.0,465.0,15968.0
2020-06-25,147,271697,14894,473105,13012.0,418.0,16922.0
2020-06-26,148,285637,15301,490401,13940.0,407.0,17296.0
2020-06-27,149,295881,15685,508953,10244.0,384.0,18552.0
2020-06-28,150,309713,16095,528859,13832.0,410.0,19906.0
2020-06-29,151,321723,16475,548318,12010.0,380.0,19459.0
2020-06-30,152,334822,16893,566840,13099.0,418.0,18522.0
2020-07-01,153,347979,17400,585493,13157.0,507.0,18653.0
2020-07-02,154,359860,17834,604641,11881.0,434.0,19148.0
2020-07-03,155,379892,18213,625544,20032.0,379.0,20903.0
2020-07-04,156,394227,18655,648315,14335.0,442.0,22771.0
2020-07-05,157,409083,19268,673165,14856.0,613.0,24850.0
2020-07-06,158,424433,19693,697413,15350.0,425.0,24248.0
2020-07-07,159,439948,20160,719665,15515.0,467.0,22252.0
2020-07-08,160,456831,20642,742417,16883.0,482.0,22752.0
2020-07-09,161,476378,21129,767296,19547.0,487.0,24879.0
2020-07-10,162,495516,21604,793802,19138.0,475.0,26506.0
2020-07-11,163,515386,22123,820916,19870.0,519.0,27114.0
2020-07-12,164,534621,22674,849553,19235.0,551.0,28637.0
2020-07-13,165,553471,23174,878254,18850.0,500.0,28701.0
2020-07-14,166,571460,23727,906752,17989.0,553.0,28498.0
2020-07-15,167,592032,24309,936181,20572.0,582.0,29429.0
2020-07-16,168,612815,24915,968876,20783.0,606.0,32695.0
2020-07-17,169,635757,25602,1003832,22942.0,687.0,34956.0
2020-07-18,170,653751,26273,1038716,17994.0,671.0,34884.0
2020-07-19,171,677423,26816,1077618,23672.0,543.0,38902.0
2020-07-20,172,700087,27497,1118043,22664.0,681.0,40425.0
2020-07-21,173,724578,28084,1155191,24491.0,587.0,37148.0
2020-07-22,174,753050,28732,1192915,28472.0,648.0,37724.0
2020-07-23,175,782607,29861,1238635,29557.0,1129.0,45720.0
2020-07-24,176,817209,30601,1287945,34602.0,740.0,49310.0
2020-07-25,177,849432,31358,1336861,32223.0,757.0,48916.0
2020-07-26,178,885577,32063,1385522,36145.0,705.0,48661.0
2020-07-27,179,917568,32771,1435453,31991.0,708.0,49931.0
2020-07-28,180,952743,33425,1483156,35175.0,654.0,47703.0
2020-07-29,181,988029,34193,1531669,35286.0,768.0,48513.0
2020-07-30,182,1020582,34968,1583792,32553.0,775.0,52123.0
2020-07-31,183,1057805,35747,1638870,37223.0,779.0,55078.0
2020-08-01,184,1094374,36511,1695988,36569.0,764.0,57118.0
2020-08-02,185,1145629,37364,1750723,51255.0,853.0,54735.0
2020-08-03,186,1186203,38135,1803695,40574.0,771.0,52972.0
2020-08-04,187,1230509,38938,1855745,44306.0,803.0,52050.0
2020-08-05,188,1282215,39795,1908254,51706.0,857.0,52509.0
2020-08-06,189,1328336,40699,1964536,46121.0,904.0,56282.0
2020-08-07,190,1378105,41585,2027074,49769.0,886.0,62538.0
2020-08-08,191,1427005,42518,2088611,48900.0,933.0,61537.0
2020-08-09,192,1480884,43379,2153010,53879.0,861.0,64399.0
2020-08-10,193,1535743,44386,2215074,54859.0,1007.0,62064.0
2020-08-11,194,1583489,45257,2268675,47746.0,871.0,53601.0
2020-08-12,195,1639599,46091,2329638,56110.0,834.0,60963.0
2020-08-13,196,1695982,47033,2396637,56383.0,942.0,66999.0
2020-08-14,197,1751555,48040,2461190,55573.0,1007.0,64553.0
2020-08-15,198,1808936,49036,2526192,57381.0,996.0,65002.0
2020-08-16,199,1862258,49980,2589682,53322.0,944.0,63490.0
2020-08-17,200,1919842,50921,2647663,57584.0,941.0,57981.0
2020-08-18,201,1977779,51797,2702742,57937.0,876.0,55079.0
2020-08-19,202,2037870,52889,2767273,60091.0,1092.0,64531.0
2020-08-20,203,2096664,53866,2836925,58794.0,977.0,69652.0
2020-08-21,204,2158946,54849,2905823,62282.0,983.0,68898.0
2020-08-22,205,2222577,55794,2975701,63631.0,945.0,69878.0
2020-08-23,206,2280566,56706,3044940,57989.0,912.0,69239.0
2020-08-24,207,2338035,57542,3106348,57469.0,836.0,61408.0
2020-08-25,208,2404585,58390,3167323,66550.0,848.0,60975.0
2020-08-26,209,2467758,59449,3234474,63173.0,1059.0,67151.0
2020-08-27,210,2523771,60472,3310234,56013.0,1023.0,75760.0
2020-08-28,211,2583948,61529,3387500,60177.0,1057.0,77266.0
2020-08-29,212,2648998,62550,3463972,65050.0,1021.0,76472.0
2020-08-30,213,2713933,63498,3542733,64935.0,948.0,78761.0
2020-08-31,214,2774801,64469,3621245,60868.0,971.0,78512.0
2020-09-01,215,2839882,65288,3691166,65081.0,819.0,69921.0
2020-09-02,216,2901908,66333,3769523,62026.0,1045.0,78357.0
2020-09-03,217,2970492,67376,3853406,68584.0,1043.0,83883.0
2020-09-04,218,3037151,68472,3936747,66659.0,1096.0,83341.0
2020-09-05,219,3107223,69561,4023179,70072.0,1089.0,86432.0
2020-09-06,220,3180865,70626,4113811,73642.0,1065.0,90632.0
2020-09-07,221,3250429,71642,4204613,69564.0,1016.0,90802.0
2020-09-08,222,3323950,72775,4280422,73521.0,1133.0,75809.0
2020-09-09,223,3398844,73890,4370128,74894.0,1115.0,89706.0
2020-09-10,224,3471783,75062,4465863,72939.0,1172.0,95735.0
2020-09-11,225,3542663,76271,4562414,70880.0,1209.0,96551.0
2020-09-12,226,3624196,77472,4659984,81533.0,1201.0,97570.0
2020-09-13,227,3702595,78586,4754356,78399.0,1114.0,94372.0
2020-09-14,228,3780107,79722,4846427,77512.0,1136.0,92071.0
2020-09-15,229,3859399,80776,4930236,79292.0,1054.0,83809.0
2020-09-16,230,3942360,82066,5020359,82961.0,1290.0,90123.0
2020-09-17,231,4025079,83198,5118253,82719.0,1132.0,97894.0
2020-09-18,232,4112551,84372,5214677,87472.0,1174.0,96424.0
2020-09-19,233,4208431,85619,5308014,95880.0,1247.0,93337.0
2020-09-20,234,4303043,86752,5400619,94612.0,1133.0,92605.0
2020-09-21,235,4396399,87882,5487580,93356.0,1130.0,86961.0
2020-09-22,236,4497867,88935,5562663,101468.0,1053.0,75083.0
2020-09-23,237,4587613,90020,5646010,89746.0,1085.0,83347.0
2020-09-24,238,4674987,91149,5732518,87374.0,1129.0,86508.0
2020-09-25,239,4756164,92290,5818570,81177.0,1141.0,86052.0
2020-09-26,240,4849584,93379,5903932,93420.0,1089.0,85362.0
2020-09-27,241,4941627,94503,5992532,92043.0,1124.0,88600.0
2020-09-28,242,5016520,95542,6074702,74893.0,1039.0,82170.0
2020-09-29,243,5101397,96318,6145291,84877.0,776.0,70589.0
2020-09-30,244,5187825,97497,6225763,86428.0,1179.0,80472.0
2020-10-01,245,5273201,98678,6312584,85376.0,1181.0,86821.0
2020-10-02,246,5352078,99773,6394068,78877.0,1095.0,81484.0
2020-10-03,247,5427706,100842,6473544,75628.0,1069.0,79476.0
2020-10-04,248,5509966,101782,6549373,82260.0,940.0,75829.0
2020-10-05,249,5586703,102685,6623815,76737.0,903.0,74442.0
2020-10-06,250,5662490,103569,6685082,75787.0,884.0,61267.0
2020-10-07,251,5744693,104555,6757131,82203.0,986.0,72049.0
2020-10-08,252,5827704,105526,6835655,83011.0,971.0,78524.0
2020-10-09,253,5906069,106490,6906151,78365.0,964.0,70496.0
2020-10-10,254,5988822,107416,6979423,82753.0,926.0,73272.0
2020-10-11,255,6077976,108334,7053806,89154.0,918.0,74383.0
2020-10-12,256,6149535,109150,7120538,71559.0,816.0,66732.0
2020-10-13,257,6227295,109856,7175880,77760.0,706.0,55342.0
2020-10-14,258,6301927,110586,7239389,74632.0,730.0,63509.0
2020-10-15,259,6383441,111266,7307097,81514.0,680.0,67708.0
2020-10-16,260,6453779,112161,7370468,70338.0,895.0,63371.0
2020-10-17,261,6524595,112998,7432680,70816.0,837.0,62212.0
2020-10-18,262,6597209,114031,7494551,72614.0,1033.0,61871.0
2020-10-19,263,6663608,114610,7550273,66399.0,579.0,55722.0
2020-10-20,264,6733328,115197,7597063,69720.0,587.0,46790.0
2020-10-21,265,6795103,115914,7651107,61775.0,717.0,54044.0
2020-10-22,266,6874518,116616,7706946,79415.0,702.0,55839.0
2020-10-23,267,6948497,117306,7761312,73979.0,690.0,54366.0
2020-10-24,268,7016046,117956,7814682,67549.0,650.0,53370.0
2020-10-25,269,7078123,118534,7864811,62077.0,578.0,50129.0
2020-10-26,270,7137228,119014,7909959,59105.0,480.0,45148.0
2020-10-27,271,7201070,119502,7946429,63842.0,488.0,36470.0
2020-10-28,272,7259509,120010,7990322,58439.0,508.0,43893.0
2020-10-29,273,7315989,120527,8040203,56480.0,517.0,49881.0
2020-10-30,274,7373375,121090,8088851,57386.0,563.0,48648.0
2020-10-31,275,7432829,121641,8137119,59454.0,551.0,48268.0
2020-11-01,276,7491513,122111,8184082,58684.0,470.0,46963.0
2020-11-02,277,7544798,122607,8229313,53285.0,496.0,45231.0
2020-11-03,278,7603121,123097,8267623,58323.0,490.0,38310.0
2020-11-04,279,7656478,123611,8313876,53357.0,514.0,46253.0
2020-11-05,280,7711809,124315,8364086,55331.0,704.0,50210.0
2020-11-06,281,7765966,124985,8411724,54157.0,670.0,47638.0
2020-11-07,282,7819886,125562,8462080,53920.0,577.0,50356.0
2020-11-08,283,7868968,126121,8507754,49082.0,559.0,45674.0
2020-11-09,284,7917373,126611,8553657,48405.0,490.0,45903.0
2020-11-10,285,7963457,127059,8591730,46084.0,448.0,38073.0
2020-11-11,286,8013783,127571,8636011,50326.0,512.0,44281.0
2020-11-12,287,8066501,128121,8683916,52718.0,550.0,47905.0
2020-11-13,288,8115580,128668,8728795,49079.0,547.0,44879.0
2020-11-14,289,8163572,129188,8773479,47992.0,520.0,44684.0
2020-11-15,290,8205728,129635,8814579,42156.0,447.0,41100.0
2020-11-16,291,8249579,130070,8845127,43851.0,435.0,30548.0
2020-11-17,292,8290370,130519,8874290,40791.0,449.0,29163.0
2020-11-18,293,8335109,130993,8912907,44739.0,474.0,38617.0
2020-11-19,294,8383602,131578,8958483,48493.0,585.0,45576.0
2020-11-20,295,8428409,132162,9004365,44807.0,584.0,45882.0
2020-11-21,296,8478124,132726,9050597,49715.0,564.0,46232.0
2020-11-22,297,8521617,133227,9095806,43493.0,501.0,45209.0
2020-11-23,298,8562641,133738,9139865,41024.0,511.0,44059.0
2020-11-24,299,8604955,134218,9177840,42314.0,480.0,37975.0
2020-11-25,300,8642771,134699,9222216,37816.0,481.0,44376.0
2020-11-26,301,8679138,135223,9266705,36367.0,524.0,44489.0
2020-11-27,302,8718517,135715,9309787,39379.0,492.0,43082.0
2020-11-28,303,8759969,136200,9351109,41452.0,485.0,41322.0
2020-11-29,304,8802267,136696,9392919,42298.0,496.0,41810.0
2020-11-30,305,8847600,137139,9431691,45333.0,443.0,38772.0
2020-12-01,306,8889585,137621,9462809,41985.0,482.0,31118.0
2020-12-02,307,8932647,138122,9499413,43062.0,501.0,36604.0
2020-12-03,308,8973373,138648,9534964,40726.0,526.0,35551.0
2020-12-04,309,9016289,139188,9571559,42916.0,540.0,36595.0
2020-12-05,310,9058822,139700,9608211,42533.0,512.0,36652.0
2020-12-06,311,9100792,140182,9644222,41970.0,482.0,36011.0
2020-12-07,312,9139901,140573,9677203,39109.0,391.0,32981.0
2020-12-08,313,9178946,140958,9703770,39045.0,385.0,26567.0
2020-12-09,314,9215581,141360,9735850,36635.0,402.0,32080.0
2020-12-10,315,9253306,141772,9767371,37725.0,412.0,31521.0
2020-12-11,316,9290834,142186,9796769,37528.0,414.0,29398.0
2020-12-12,317,9324328,142628,9826775,33494.0,442.0,30006.0
2020-12-13,318,9357464,143019,9857029,33136.0,391.0,30254.0
2020-12-14,319,9388159,143355,9884100,30695.0,336.0,27071.0
2020-12-15,320,9422636,143709,9906104,34477.0,354.0,22004.0
2020-12-16,321,9456449,144096,9932547,33813.0,387.0,26443.0
2020-12-17,322,9489740,144451,9956557,33291.0,355.0,24010.0
2020-12-18,323,9520827,144789,9979447,31087.0,338.0,22890.0
2020-12-19,324,9550712,145136,10004599,29885.0,347.0,25152.0
2020-12-20,325,9580402,145477,10031223,29690.0,341.0,26624.0
2020-12-21,326,9606111,145810,10058144,25709.0,333.0,26921.0
2020-12-22,327,9636487,146111,10068330,30376.0,301.0,10186.0
2020-12-23,328,9663382,146444,10099066,26895.0,333.0,30736.0
2020-12-24,329,9693173,146756,10123778,29791.0,312.0,24712.0
2020-12-25,330,9717834,147092,10146845,24661.0,336.0,23067.0
2020-12-26,331,9740108,147343,10169118,22274.0,251.0,22273.0
2020-12-27,332,9761538,147622,10187850,21430.0,279.0,18732.0
2020-12-28,333,9782669,147901,10207871,21131.0,279.0,20021.0
2020-12-29,334,9807569,148153,10224303,24900.0,252.0,16432.0
2020-12-30,335,9834141,148439,10244852,26572.0,286.0,20549.0
2020-12-31,336,9860280,148738,10266674,26139.0,299.0,21822.0
2021-01-01,337,9883461,148994,10286709,23181.0,256.0,20035.0
2021-01-02,338,9906387,149218,10305788,22926.0,224.0,19079.0
2021-01-03,339,9927310,149435,10323965,20923.0,217.0,18177.0
2021-01-04,340,9946867,149649,10340469,19557.0,214.0,16504.0
2021-01-05,341,9975958,149850,10356844,29091.0,201.0,16375.0
2021-01-06,342,9997272,150114,10374932,21314.0,264.0,18088.0
2021-01-07,343,10016859,150336,10395278,19587.0,222.0,20346.0
2021-01-08,344,10037398,150570,10413417,20539.0,234.0,18139.0
2021-01-09,345,10056651,150798,10431639,19253.0,228.0,18222.0
2021-01-10,346,10075950,150999,10450284,19299.0,201.0,18645.0
2021-01-11,347,10092909,151160,10466595,16959.0,161.0,16311.0
2021-01-12,348,10111294,151327,10479179,18385.0,167.0,12584.0
2021-01-13,349,10129111,151529,10495147,17817.0,202.0,15968.0
2021-01-14,350,10146763,151727,10512093,17652.0,198.0,16946.0
2021-01-15,351,10162738,151918,10527683,15975.0,191.0,15590.0
2021-01-16,352,10179715,152093,10542841,16977.0,175.0,15158.0
2021-01-17,353,10196885,152274,10557985,17170.0,181.0,15144.0
2021-01-18,354,10211342,152419,10571773,14457.0,145.0,13788.0
2021-01-19,355,10228753,152556,10581837,17411.0,137.0,10064.0
2021-01-20,356,10245741,152718,10595660,16988.0,162.0,13823.0
2021-01-21,357,10265706,152869,10610883,19965.0,151.0,15223.0
2021-01-22,358,10283708,153032,10625428,18002.0,163.0,14545.0
2021-01-23,359,10300838,153184,10639684,17130.0,152.0,14256.0
2021-01-24,360,10316786,153339,10654533,15948.0,155.0,14849.0
2021-01-25,361,10330084,153470,10662181,13298.0,131.0,7648.0
2021-01-26,362,10345985,153587,10676838,15901.0,117.0,14657.0
2021-01-27,363,10359305,153724,10689527,13320.0,137.0,12689.0
2021-01-28,364,10373606,153847,10701193,14301.0,123.0,11666.0
2021-01-29,365,10394352,154010,10720048,20746.0,163.0,18855.0
2021-01-30,366,10409160,154147,10733131,14808.0,137.0,13083.0
2021-01-31,367,10423125,154274,10746183,13965.0,127.0,13052.0
2021-02-01,368,10434983,154392,10756631,11858.0,118.0,10448.0
2021-02-02,369,10448406,154486,10766245,13423.0,94.0,9614.0
2021-02-03,370,10462631,154596,10777284,14225.0,110.0,11039.0
2021-02-04,371,10480455,154703,10790183,17824.0,107.0,12899.0
2021-02-05,372,10496308,154823,10802591,15853.0,120.0,12408.0
2021-02-06,373,10510796,154918,10814304,14488.0,95.0,11713.0
2021-02-07,374,10522601,154996,10826363,11805.0,78.0,12059.0
2021-02-08,375,10534505,155080,10838194,11904.0,84.0,11831.0
2021-02-09,376,10548521,155158,10847304,14016.0,78.0,9110.0
2021-02-10,377,10561608,155252,10858371,13087.0,94.0,11067.0
2021-02-11,378,10573372,155360,10867467,11764.0,108.0,9096.0
2021-02-12,379,10589230,155447,10880603,15858.0,87.0,13136.0
2021-02-13,380,10600625,155550,10892746,11395.0,103.0,12143.0
2021-02-14,381,10611731,155642,10904940,11106.0,92.0,12194.0
2021-02-15,382,10621220,155732,10916589,9489.0,90.0,11649.0
2021-02-16,383,10633025,155813,10925710,11805.0,81.0,9121.0
2021-02-17,384,10644858,155913,10937320,11833.0,100.0,11610.0
2021-02-18,385,10656845,156014,10944479,11987.0,101.0,7159.0
2021-02-19,386,10667741,156111,10963394,10896.0,97.0,18915.0
2021-02-20,387,10678048,156212,10977387,10307.0,101.0,13993.0
2021-02-21,388,10689715,156302,10991651,11667.0,90.0,14264.0
2021-02-22,389,10699410,156385,11005850,9695.0,83.0,14199.0
2021-02-23,390,10712665,156463,11016434,13255.0,78.0,10584.0
2021-02-24,391,10726702,156567,11042648,14037.0,104.0,26214.0
2021-02-25,392,10738501,156705,11046914,11799.0,138.0,4266.0
2021-02-26,393,10750680,156825,11063491,12179.0,120.0,16577.0
2021-02-27,394,10763451,156938,11079979,12771.0,113.0,16488.0
2021-02-28,395,10775169,157051,11096731,11718.0,113.0,16752.0
2021-03-01,396,10786457,157157,11111149,11288.0,106.0,14418.0
2021-03-02,397,10798921,157248,11124527,12464.0,91.0,13378.0
2021-03-03,398,10812044,157346,11128605,13123.0,98.0,4078.0
2021-03-04,399,10826075,157435,11156923,14031.0,89.0,28318.0
2021-03-05,400,10839894,157548,11173761,13819.0,113.0,16838.0
2021-03-06,401,10854128,157656,11192088,14234.0,108.0,18327.0
2021-03-07,402,10868520,157756,11210799,14392.0,100.0,18711.0
2021-03-08,403,10882798,157853,11229398,14278.0,97.0,18599.0
2021-03-09,404,10899394,157930,11230872,16596.0,77.0,1474.0
2021-03-10,405,10920046,158063,11262707,20652.0,133.0,31835.0
2021-03-11,406,10920046,158063,11262707,0.0,0.0,0.0
2021-03-12,407,10938146,158189,11285561,18100.0,126.0,22854.0
2021-03-13,408,10973260,158446,11333728,35114.0,257.0,48167.0
2021-03-14,409,10989897,158607,11359048,16637.0,161.0,25320.0
2021-03-15,410,11007352,158725,11385339,17455.0,118.0,26291.0
2021-03-16,411,11027543,158856,11409831,20191.0,131.0,24492.0
2021-03-17,412,11045284,159044,11438734,17741.0,188.0,28903.0
2021-03-18,413,11063025,159216,11474605,17741.0,172.0,35871.0
2021-03-19,414,11083679,159370,11514331,20654.0,154.0,39726.0
2021-03-20,415,11107332,159558,11555284,23653.0,188.0,40953.0
2021-03-21,416,11130288,159755,11599130,22956.0,197.0,43846.0
2021-03-22,417,11151468,159967,11646081,21180.0,212.0,46951.0
2021-03-23,418,11181253,160166,11686796,29785.0,199.0,40715.0
2021-03-24,419,11205160,160441,11734058,23907.0,275.0,47262.0
2021-03-25,420,11231650,160692,11787534,26490.0,251.0,53476.0
2021-03-26,421,11264637,160949,11846652,32987.0,257.0,59118.0
2021-03-27,422,11295023,161240,11908910,30386.0,291.0,62258.0
2021-03-28,423,11323762,161552,11971624,28739.0,312.0,62714.0
2021-03-29,424,11355993,161843,12039644,32231.0,291.0,68020.0
2021-03-30,425,11393021,162114,12095855,37028.0,271.0,56211.0
2021-03-31,426,11434301,162468,12149335,41280.0,354.0,53480.0
2021-04-01,427,11474683,162927,12226141,40382.0,459.0,76806.0
2021-04-02,428,11525039,163396,12303131,50356.0,469.0,76990.0
2021-04-03,429,11569241,164110,12392260,44202.0,714.0,89129.0
2021-04-04,430,11629289,164623,12485509,60048.0,513.0,93249.0
2021-04-05,431,11682136,165101,12589067,52847.0,478.0,103558.0
2021-04-06,432,11732279,165547,12686049,50143.0,446.0,96982.0
2021-04-07,433,11792135,166177,12801785,59856.0,630.0,115736.0
2021-04-08,434,11851393,166862,12928574,59258.0,685.0,126789.0
2021-04-09,435,11913292,167642,13060542,61899.0,780.0,131968.0
2021-04-10,436,11990859,168436,13205926,77567.0,794.0,145384.0
2021-04-11,437,12081443,169275,13358805,90584.0,839.0,152879.0
2021-04-12,438,12156529,170179,13527717,75086.0,904.0,168912.0
2021-04-13,439,12253697,171058,13689453,97168.0,879.0,161736.0
2021-04-14,440,12336036,172085,13873825,82339.0,1027.0,184372.0
2021-04-15,441,12429564,173123,14074564,93528.0,1038.0,200739.0
2021-04-16,442,12547866,174308,14291917,118302.0,1185.0,217353.0
2021-04-17,443,12671220,175649,14526609,123354.0,1341.0,234692.0
2021-04-18,444,12809643,177150,14788109,138423.0,1501.0,261500.0
2021-04-19,445,12953821,178769,15061919,144178.0,1619.0,273810.0
2021-04-20,446,13108582,180530,15321089,154761.0,1761.0,259170.0
2021-04-21,447,13276039,182553,15616130,167457.0,2023.0,295041.0
2021-04-22,448,13454880,184657,15930965,178841.0,2104.0,314835.0
2021-04-23,449,13648159,186920,16263695,193279.0,2263.0,332730.0
2021-04-24,450,13867997,189544,16610481,219838.0,2624.0,346786.0
2021-04-25,451,14085110,192311,16960172,217113.0,2767.0,349691.0
2021-04-26,452,14304382,195123,17313163,219272.0,2812.0,352991.0
2021-04-27,453,14556209,197894,17636307,251827.0,2771.0,323144.0
2021-04-28,454,14817371,201187,17997267,261162.0,3293.0,360960.0
2021-04-29,455,15086878,204832,18376524,269507.0,3645.0,379257.0
2021-04-30,456,15384418,208330,18762976,297540.0,3498.0,386452.0
2021-05-01,457,15684406,211853,19164969,299988.0,3523.0,401993.0
2021-05-02,458,15992271,215542,19557457,307865.0,3689.0,392488.0
2021-05-03,459,16293003,218959,19925604,300732.0,3417.0,368147.0
2021-05-04,460,16613292,222408,20282833,320289.0,3449.0,357229.0
2021-05-05,461,16951731,226188,20665148,338439.0,3780.0,382315.0
2021-05-06,462,17280844,230168,21077410,329113.0,3980.0,412262.0
2021-05-07,463,17612351,234083,21491598,331507.0,3915.0,414188.0
2021-05-08,464,17930960,238270,21892676,318609.0,4187.0,401078.0
2021-05-09,465,18317404,242362,22296414,386444.0,4092.0,403738.0
2021-05-10,466,18671222,246116,22662575,353818.0,3754.0,366161.0
2021-05-11,467,19027304,249992,22992517,356082.0,3876.0,329942.0
2021-05-12,468,19382642,254197,23340938,355338.0,4205.0,348421.0
2021-05-13,469,19734823,258317,23703665,352181.0,4120.0,362727.0
2021-05-14,470,20079599,262317,24046809,344776.0,4000.0,343144.0
2021-05-15,471,20432898,266207,24372907,353299.0,3890.0,326098.0
2021-05-16,472,20795335,270284,24684077,362437.0,4077.0,311170.0
2021-05-17,473,21174076,274390,24965463,378741.0,4106.0,281386.0
2021-05-18,474,21596512,278719,25228996,422436.0,4329.0,263533.0
2021-05-19,475,21986363,283248,25496330,389851.0,4529.0,267334.0
2021-05-20,476,22355440,287122,25772440,369077.0,3874.0,276110.0
2021-05-21,477,22712735,291331,26031991,357295.0,4209.0,259551.0
2021-05-22,478,23070365,295525,26289290,357630.0,4194.0,257299.0
2021-05-23,479,23425467,299266,26530132,355102.0,3741.0,240842.0
2021-05-24,480,23728011,303720,26752447,302544.0,4454.0,222315.0
2021-05-25,481,24054861,307231,26948874,326850.0,3511.0,196427.0
2021-05-26,482,24350816,311388,27157795,295955.0,4157.0,208921.0
2021-05-27,483,24633951,315235,27369093,283135.0,3847.0,211298.0
2021-05-28,484,24893410,318895,27555457,259459.0,3660.0,186364.0
2021-05-29,485,25178011,322512,27729247,284601.0,3617.0,173790.0
2021-05-30,486,25454320,325972,27894800,276309.0,3460.0,165553.0
2021-05-31,487,25692342,329100,28047534,238022.0,3128.0,152734.0
2021-06-01,488,25947629,331895,28175044,255287.0,2795.0,127510.0
2021-06-02,489,26179085,335102,28307832,231456.0,3207.0,132788.0
2021-06-03,490,26390584,337989,28441986,211499.0,2887.0,134154.0
2021-06-04,491,26597655,340702,28574350,207071.0,2713.0,132364.0
2021-06-05,492,26795549,344082,28694879,197894.0,3380.0,120529.0
2021-06-06,493,26984781,346759,28809339,189232.0,2677.0,114460.0
2021-06-07,494,27159180,349186,28909975,174399.0,2427.0,100636.0
2021-06-08,495,27341462,351309,28996473,182282.0,2123.0,86498.0
2021-06-09,496,27504126,353528,29089069,162664.0,2219.0,92596.0
2021-06-10,497,27655493,359676,29183121,151367.0,6148.0,94052.0
2021-06-11,498,27790073,363079,29274823,134580.0,3403.0,91702.0
2021-06-12,499,27911384,367081,29359155,121311.0,4002.0,84332.0
2021-06-13,500,28043446,370384,29439989,132062.0,3303.0,80834.0
2021-06-14,501,28162947,374305,29510410,119501.0,3921.0,70421.0
2021-06-15,502,28280472,377031,29570881,117525.0,2726.0,60471.0
2021-06-16,503,28388100,379573,29633105,107628.0,2542.0,62224.0
2021-06-17,504,28491670,381903,29700313,103570.0,2330.0,67208.0
2021-06-18,505,28580647,383490,29762793,88977.0,1587.0,62480.0
2021-06-19,506,28678390,385137,29823546,97743.0,1647.0,60753.0
2021-06-20,507,28766009,386713,29881965,87619.0,1576.0,58419.0
2021-06-21,508,28844199,388135,29935221,78190.0,1422.0,53256.0
2021-06-22,509,28926038,389302,29977861,81839.0,1167.0,42640.0
2021-06-23,510,28994855,390660,30028709,68817.0,1358.0,50848.0
2021-06-24,511,29063740,391981,30082778,68885.0,1321.0,54069.0
2021-06-25,512,29128267,393310,30134445,64527.0,1329.0,51667.0
2021-06-26,513,29193085,394493,30183143,64818.0,1183.0,48698.0
2021-06-27,514,29251029,395751,30233183,57944.0,1258.0,50040.0
2021-06-28,515,29309607,396730,30279331,58578.0,979.0,46148.0
2021-06-29,516,29366601,397637,30316897,56994.0,907.0,37566.0
2021-06-30,517,29427330,398454,30362848,60729.0,817.0,45951.0
2021-07-01,518,29488918,399459,30411634,61588.0,1005.0,48786.0
2021-07-02,519,29548302,400312,30458251,59384.0,853.0,46617.0
2021-07-03,520,29605779,401050,30502362,57477.0,738.0,44111.0
2021-07-04,521,29658078,402005,30545433,52299.0,955.0,43071.0
2021-07-05,522,29700430,402728,30585229,42352.0,723.0,39796.0
2021-07-06,523,29752294,403281,30619932,51864.0,553.0,34703.0
2021-07-07,524,29799534,404211,30663665,47240.0,930.0,43733.0
2021-07-08,525,29843825,405028,30709557,44291.0,817.0,45892.0
2021-07-09,526,29888284,405939,30752950,44459.0,911.0,43393.0
2021-07-10,527,29933538,407145,30795716,45254.0,1206.0,42766.0
2021-07-11,528,29975064,408040,30837222,41526.0,895.0,41506.0
2021-07-12,529,30014713,408764,30874376,39649.0,724.0,37154.0
2021-07-13,530,30063720,410784,30907282,49007.0,2020.0,32906.0
2021-07-14,531,30104720,411408,30946074,41000.0,624.0,38792.0
2021-07-15,532,30143850,411989,30987880,39130.0,581.0,41806.0
2021-07-16,533,30183876,412531,31026829,40026.0,542.0,38949.0
2021-07-17,534,30227792,413091,31064908,43916.0,560.0,38079.0
2021-07-18,535,30269796,413609,31106065,42004.0,518.0,41157.0
2021-07-19,536,30308456,414108,31144229,38660.0,499.0,38164.0
2021-07-20,537,30353710,414482,31174322,45254.0,374.0,30093.0
2021-07-21,538,30390687,418480,31216337,36977.0,3998.0,42015.0
2021-07-22,539,30429339,418987,31257720,38652.0,507.0,41383.0
2021-07-23,540,30468079,419470,31293062,38740.0,483.0,35342.0
2021-07-24,541,30503166,420016,31332159,35087.0,546.0,39097.0
2021-07-25,542,30543138,420551,31371901,39972.0,535.0,39742.0
2021-07-26,543,30579106,420967,31411262,35968.0,416.0,39361.0
2021-07-27,544,30621469,421382,31440951,42363.0,415.0,29689.0
2021-07-28,545,30663147,422022,31484605,41678.0,640.0,43654.0
2021-07-29,546,30701612,422662,31528114,38465.0,640.0,43509.0
2021-07-30,547,30743972,423217,31572344,42360.0,555.0,44230.0
2021-07-31,548,30781263,423810,31613993,37291.0,593.0,41649.0
2021-08-01,549,30820521,424351,31655824,39258.0,541.0,41831.0
2021-08-02,550,30857467,424773,31695958,36946.0,422.0,40134.0
2021-08-03,551,30896354,425195,31726507,38887.0,422.0,30549.0
2021-08-04,552,30933022,425757,31769132,36668.0,562.0,42625.0
2021-08-05,553,30974748,426290,31812114,41726.0,533.0,42982.0
2021-08-06,554,31015844,426754,31856757,41096.0,464.0,44643.0
2021-08-07,555,31055861,427371,31895385,40017.0,617.0,38628.0
2021-08-08,556,31099771,427862,31934455,43910.0,491.0,39070.0
2021-08-09,557,31139457,428309,31969954,39686.0,447.0,35499.0
2021-08-10,558,31180968,428682,31998158,41511.0,373.0,28204.0
2021-08-11,559,31220981,429179,32036511,40013.0,497.0,38353.0
